{"cameraMode":{"drawMode":0,"name":"Shaded","section":"Shading Mode"},"sceneLighting":true,"audioPlay":false,"sceneViewState":{"showFog":true,"showMaterialUpdate":true,"showSkybox":true,"showFlares":true,"showImageEffects":true,"showParticleSystems":true},"in2DMode":false,"pivot":{"x":-131.51211547851563,"y":-204.80934143066407,"z":20.324941635131837},"rotation":{"x":-0.3785330057144165,"y":0.5546016693115234,"z":-0.31241685152053835,"w":-0.6719721555709839},"size":281.40289306640627,"orthographic":false}