{"cameraMode":{"drawMode":0,"name":"Shaded","section":"Shading Mode"},"sceneLighting":true,"audioPlay":false,"sceneViewState":{"showFog":true,"showMaterialUpdate":true,"showSkybox":true,"showFlares":true,"showImageEffects":true,"showParticleSystems":true},"in2DMode":false,"pivot":{"x":4.889727592468262,"y":-64.64717864990235,"z":87.3626480102539},"rotation":{"x":-0.31322744488716128,"y":0.01082388125360012,"z":-0.003568844636902213,"w":-0.949613094329834},"size":112.54981994628906,"orthographic":false}