{"cameraMode":{"drawMode":0,"name":"Shaded","section":"Shading Mode"},"sceneLighting":true,"audioPlay":false,"sceneViewState":{"showFog":true,"showMaterialUpdate":true,"showSkybox":true,"showFlares":true,"showImageEffects":true,"showParticleSystems":true},"in2DMode":false,"pivot":{"x":35.35057830810547,"y":118.56179809570313,"z":2.3365726470947267},"rotation":{"x":-0.48430848121643069,"y":0.4815964996814728,"z":-0.3705461323261261,"w":-0.6294527053833008},"size":10.106158256530762,"orthographic":false}