{"cameraMode":{"drawMode":0,"name":"Shaded","section":"Shading Mode"},"sceneLighting":false,"audioPlay":false,"sceneViewState":{"showFog":true,"showMaterialUpdate":true,"showSkybox":false,"showFlares":true,"showImageEffects":true,"showParticleSystems":true},"in2DMode":false,"pivot":{"x":-0.2721008062362671,"y":0.14623451232910157,"z":-0.04151451587677002},"rotation":{"x":-0.4038202464580536,"y":-0.021406350657343866,"z":0.009452476166188717,"w":-0.9145402312278748},"size":2.2578837871551515,"orthographic":false}