{"cameraMode":{"drawMode":0,"name":"Shaded","section":"Shading Mode"},"sceneLighting":true,"audioPlay":false,"sceneViewState":{"showFog":true,"showMaterialUpdate":true,"showSkybox":true,"showFlares":true,"showImageEffects":true,"showParticleSystems":true},"in2DMode":false,"pivot":{"x":-43.003021240234378,"y":-253.1250457763672,"z":2.884963274002075},"rotation":{"x":-0.47200727462768557,"y":0.5214763879776001,"z":-0.4423745572566986,"w":-0.5564151406288147},"size":281.40289306640627,"orthographic":false}