{"cameraMode":{"drawMode":0,"name":"Shaded","section":"Shading Mode"},"sceneLighting":true,"audioPlay":false,"sceneViewState":{"showFog":true,"showMaterialUpdate":true,"showSkybox":true,"showFlares":true,"showImageEffects":true,"showParticleSystems":true},"in2DMode":false,"pivot":{"x":-3.041170120239258,"y":2.286581516265869,"z":0.46788644790649416},"rotation":{"x":-0.07490144670009613,"y":0.7815762162208557,"z":-0.09567724913358689,"w":-0.6118611097335815},"size":22.0,"orthographic":false}