{"cameraMode":{"drawMode":0,"name":"Shaded","section":"Shading Mode"},"sceneLighting":false,"audioPlay":false,"sceneViewState":{"showFog":true,"showMaterialUpdate":true,"showSkybox":false,"showFlares":true,"showImageEffects":true,"showParticleSystems":true},"in2DMode":false,"pivot":{"x":0.09475801140069962,"y":0.971828818321228,"z":-0.5417239665985107},"rotation":{"x":-0.32149773836135867,"y":0.0005653318366967142,"z":-0.00019251274352427572,"w":-0.9469141960144043},"size":2.765903949737549,"orthographic":false}