{"cameraMode":{"drawMode":0,"name":"Shaded","section":"Shading Mode"},"sceneLighting":false,"audioPlay":false,"sceneViewState":{"showFog":true,"showMaterialUpdate":true,"showSkybox":false,"showFlares":true,"showImageEffects":true,"showParticleSystems":true},"in2DMode":false,"pivot":{"x":0.44554245471954348,"y":0.07209265232086182,"z":0.22662480175495149},"rotation":{"x":-0.13040144741535188,"y":-0.02320053242146969,"z":0.003052433719858527,"w":-0.9911878705024719},"size":2.765903949737549,"orthographic":false}