{"cameraMode":{"drawMode":0,"name":"Shaded","section":"Shading Mode"},"sceneLighting":true,"audioPlay":false,"sceneViewState":{"showFog":true,"showMaterialUpdate":true,"showSkybox":true,"showFlares":true,"showImageEffects":true,"showParticleSystems":true},"in2DMode":false,"pivot":{"x":33.607295989990237,"y":-87.10320281982422,"z":117.93831634521485},"rotation":{"x":-0.3192371129989624,"y":-0.10490427166223526,"z":0.035584185272455218,"w":-0.9411820769309998},"size":178.39146423339845,"orthographic":false}